{
  "project_info": {
    "project_number": "837458804538",
    "project_id": "lugares-3c829",
    "storage_bucket": "lugares-3c829.appspot.com"
  },
  "client": [
    {
      "client_info": {
        "mobilesdk_app_id": "1:837458804538:android:cd70c46c4c4987bd75da03",
        "android_client_info": {
          "package_name": "com.example.lugares1"
        }
      },
      "oauth_client": [
        {
          "client_id": "837458804538-glne7qp8pgjcbrqvc0q4nqrhme5cm967.apps.googleusercontent.com",
          "client_type": 3
        }
      ],
      "api_key": [
        {
          "current_key": "AIzaSyD7ryalMZjzAOK08zqg2Ny0nQ9GWB_YvnE"
        }
      ],
      "services": {
        "appinvite_service": {
          "other_platform_oauth_client": [
            {
              "client_id": "837458804538-glne7qp8pgjcbrqvc0q4nqrhme5cm967.apps.googleusercontent.com",
              "client_type": 3
            }
          ]
        }
      }
    }
  ],
  "configuration_version": "1"
}