{
  "project_info": {
    "project_number": "24429877788",
    "project_id": "practicaexamen-d12b8",
    "storage_bucket": "practicaexamen-d12b8.appspot.com"
  },
  "client": [
    {
      "client_info": {
        "mobilesdk_app_id": "1:24429877788:android:19c768bfdb9039181b1dd9",
        "android_client_info": {
          "package_name": "com.practicaexamen"
        }
      },
      "oauth_client": [
        {
          "client_id": "24429877788-e22qjcs3s5sfhr0lt3kmuq6cdgap7m88.apps.googleusercontent.com",
          "client_type": 3
        }
      ],
      "api_key": [
        {
          "current_key": "AIzaSyDQ7Inh3jiGr9nZwPbJFqCYxEa15a7QsBY"
        }
      ],
      "services": {
        "appinvite_service": {
          "other_platform_oauth_client": [
            {
              "client_id": "24429877788-e22qjcs3s5sfhr0lt3kmuq6cdgap7m88.apps.googleusercontent.com",
              "client_type": 3
            }
          ]
        }
      }
    }
  ],
  "configuration_version": "1"
}