{
  "project_info": {
    "project_number": "369268096139",
    "project_id": "prollecto-3500f",
    "storage_bucket": "prollecto-3500f.appspot.com"
  },
  "client": [
    {
      "client_info": {
        "mobilesdk_app_id": "1:369268096139:android:225e478bc71fcc9fdda88e",
        "android_client_info": {
          "package_name": "com.dmgb.prollecto"
        }
      },
      "oauth_client": [
        {
          "client_id": "369268096139-3b3clshlk0cbk1ff0vrgh82v488so6le.apps.googleusercontent.com",
          "client_type": 3
        }
      ],
      "api_key": [
        {
          "current_key": "AIzaSyBEJw1ftMbpgoSKRpU1bDI1XXy-nCCoywk"
        }
      ],
      "services": {
        "appinvite_service": {
          "other_platform_oauth_client": [
            {
              "client_id": "369268096139-3b3clshlk0cbk1ff0vrgh82v488so6le.apps.googleusercontent.com",
              "client_type": 3
            }
          ]
        }
      }
    }
  ],
  "configuration_version": "1"
}